<measure>
  <name>AEDG Office HVAC ASHP with DOAS</name>
  <uid>18c59c3c-d994-46a9-b3eb-39b983b93ef8</uid>
  <version_id>ebcf72d2-14c3-4a99-a745-239ef5f4e4b3</version_id>
  <description>Measure replaces existing HVAC system (if any) with an Air Source Heat Pump (ASHP) with DOAS HVAC system (one DOAS per floor).  The ASHP with DOAS system (centralized DOAS, with zone level conditioning) is applied to all space types.  In select cases, the user is given the option to preserve existing HVAC schedules.  In other cases, new schedules are generated that align with AEDG recommendations.  The resulting HVAC system reflects the HVAC recommendations of the 50% Small and Medium Office AEDG.</description>
  <modeler_description>Airloops are dedicated to ventilation (DOAS) and have constant speed fan operation, gas furnace heating, and single speed DX cooling.  Conditioning is provided at the zone level with air sourced heat pumps with cycling fans.</modeler_description>
  <provenances/>
  <tags>
    <tag>HVAC.Whole System</tag>
  </tags>
  <attributes>
    <attribute>
      <name>Measure Type</name>
      <value>ModelMeasure</value>
      <datatype>string</datatype>
    </attribute>
    <attribute>
      <name>Uses SketchUp API</name>
      <value>false</value>
      <datatype>boolean</datatype>
    </attribute>
  </attributes>
  <files>
    <file>
      <filename>OsLib_AedgMeasures.rb</filename>
      <filetype>rb</filetype>
      <usage_type>resource</usage_type>
      <checksum>400D07BE</checksum>
    </file>
    <file>
      <filename>OsLib_Constructions.rb</filename>
      <filetype>rb</filetype>
      <usage_type>resource</usage_type>
      <checksum>1DBDBCB3</checksum>
    </file>
    <file>
      <filename>OsLib_LightingAndEquipment.rb</filename>
      <filetype>rb</filetype>
      <usage_type>resource</usage_type>
      <checksum>E76DE29C</checksum>
    </file>
    <file>
      <filename>OsLib_Geometry.rb</filename>
      <filetype>rb</filetype>
      <usage_type>resource</usage_type>
      <checksum>730B5D71</checksum>
    </file>
    <file>
      <filename>OsLib_Schedules.rb</filename>
      <filetype>rb</filetype>
      <usage_type>resource</usage_type>
      <checksum>C53CDDCD</checksum>
    </file>
    <file>
      <filename>AEDG_HVAC_GenericTestModel_0225_a.osm</filename>
      <filetype>osm</filetype>
      <usage_type>test</usage_type>
      <checksum>ED45BF2B</checksum>
    </file>
    <file>
      <filename>OsLib_HVAC.rb</filename>
      <filetype>rb</filetype>
      <usage_type>resource</usage_type>
      <checksum>DD15D25B</checksum>
    </file>
    <file>
      <filename>OsLib_HelperMethods.rb</filename>
      <filetype>rb</filetype>
      <usage_type>resource</usage_type>
      <checksum>15A9730B</checksum>
    </file>
    <file>
      <version>
        <software_program>OpenStudio</software_program>
        <identifier>1.3.0</identifier>
      </version>
      <filename>measure.rb</filename>
      <filetype>rb</filetype>
      <usage_type>script</usage_type>
      <checksum>EF30A645</checksum>
    </file>
    <file>
      <filename>AedgOfficeHvacAshpDoas_Test.rb</filename>
      <filetype>rb</filetype>
      <usage_type>test</usage_type>
      <checksum>FD576FFB</checksum>
    </file>
  </files>
</measure>
