<measure>
  <schema_version>3.0</schema_version>
  <name>bar_aspect_ratio_study</name>
  <uid>3dcac94d-8a2e-43b6-8698-a3a4e8f3903f</uid>
  <version_id>d77ab8fd-10fa-44cf-86a2-dd9e4ef49e33</version_id>
  <xml_checksum>49BEF039</xml_checksum>
  <class_name>BarAspectRatioStudy</class_name>
  <display_name>Bar Aspect Ratio Study</display_name>
  <description>This measure will create a building envelope based on a target floor area, aspect ratio, and floor to floor height.</description>
  <modeler_description>This is based on the SketchUp Plugin user script to create a rectangular building, but just uses different inputs. The resulting building will have a core and perimeter zoning, unless it is too small, in which case eac floor will have a single zone.</modeler_description>
  <arguments>
    <argument>
      <name>total_bldg_area_ip</name>
      <display_name>Total Building Floor Area</display_name>
      <type>Double</type>
      <units>ft^2</units>
      <required>true</required>
      <model_dependent>false</model_dependent>
      <default_value>10000</default_value>
    </argument>
    <argument>
      <name>ns_to_ew_ratio</name>
      <display_name>Ratio of North/South Facade Length Relative to East/West Facade Length.</display_name>
      <type>Double</type>
      <required>true</required>
      <model_dependent>false</model_dependent>
      <default_value>2</default_value>
    </argument>
    <argument>
      <name>num_floors</name>
      <display_name>Number of Floors.</display_name>
      <type>Integer</type>
      <required>true</required>
      <model_dependent>false</model_dependent>
      <default_value>2</default_value>
    </argument>
    <argument>
      <name>floor_to_floor_height_ip</name>
      <display_name>Floor to Floor Height</display_name>
      <type>Double</type>
      <units>ft</units>
      <required>true</required>
      <model_dependent>false</model_dependent>
      <default_value>10</default_value>
    </argument>
    <argument>
      <name>surface_matching</name>
      <display_name>Surface Matching?</display_name>
      <type>Boolean</type>
      <required>true</required>
      <model_dependent>false</model_dependent>
      <default_value>true</default_value>
      <choices>
        <choice>
          <value>true</value>
          <display_name>true</display_name>
        </choice>
        <choice>
          <value>false</value>
          <display_name>false</display_name>
        </choice>
      </choices>
    </argument>
    <argument>
      <name>make_zones</name>
      <display_name>Make Thermal Zones from Spaces?</display_name>
      <type>Boolean</type>
      <required>true</required>
      <model_dependent>false</model_dependent>
      <default_value>true</default_value>
      <choices>
        <choice>
          <value>true</value>
          <display_name>true</display_name>
        </choice>
        <choice>
          <value>false</value>
          <display_name>false</display_name>
        </choice>
      </choices>
    </argument>
  </arguments>
  <provenances/>
  <tags>
    <tag>Envelope.Form</tag>
  </tags>
  <attributes>
    <attribute>
      <name>Measure Type</name>
      <value>ModelMeasure</value>
      <datatype>string</datatype>
    </attribute>
    <attribute>
      <name>Measure Function</name>
      <value>Measure</value>
      <datatype>string</datatype>
    </attribute>
    <attribute>
      <name>Requires EnergyPlus Results</name>
      <value>false</value>
      <datatype>boolean</datatype>
    </attribute>
    <attribute>
      <name>Uses SketchUp API</name>
      <value>false</value>
      <datatype>boolean</datatype>
    </attribute>
  </attributes>
  <files>
    <file>
      <filename>BarAspectRatioStudy_Test.rb</filename>
      <filetype>rb</filetype>
      <usage_type>test</usage_type>
      <checksum>4B2B96C1</checksum>
    </file>
    <file>
      <version>
        <software_program>OpenStudio</software_program>
        <identifier>1.0.4</identifier>
        <min_compatible>1.0.4</min_compatible>
      </version>
      <filename>measure.rb</filename>
      <filetype>rb</filetype>
      <usage_type>script</usage_type>
      <checksum>585EAED2</checksum>
    </file>
  </files>
</measure>
