{
  "classname": "EnableIdealAirLoadsForAllZones",
  "name": "enable_ideal_air_loads_for_all_zones",
  "display_name": "Enable Ideal Air Loads For All Zones",
  "measure_type": "RubyMeasure",
  "arguments": [

  ],
  "name_xml": "enable_ideal_air_loads_for_all_zones",
  "uid": "f70d4a3d-8b93-4fef-b679-858fe1e05acc",
  "version_id": "e6094fe8-45e6-4cc3-921f-07fbcccfbed6",
  "modeler_description": "This doesn't clean up any air or plant loops that are left. It was developed to use on models without HVAC. If you use it in another way you may have to clean up remaining objects prior to running a simulation.",
  "description": "This will enable Ideal Air Loads for all thermal zones in the model. This will result in disconnecting any pre-existing HVAC systems from the zones.",
  "tags": [
    "HVAC.Whole System"
  ]
}