{
  "classname": "AedgK12HvacDualDuctDoas",
  "name": "aedg_k12_hvac_dual_duct_doas",
  "display_name": "AEDG K12 Hvac Dual Duct Doas",
  "measure_type": "RubyMeasure",
  "arguments": [
    {
      "local_variable": "ceilingReturnPlenumSpaceType",
      "variable_type": "Choice",
      "name": "ceilingReturnPlenumSpaceType",
      "display_name": "This space type should be part of a ceiling return air plenum",
      "units": null,
      "description": null,
      "default_value": "We dont want a default, this is an optional argument",
      "choices": [
        "We dont want a default, this is an optional argument"
      ]
    },
    {
      "local_variable": "costTotalHVACSystem",
      "variable_type": "Double",
      "name": "costTotalHVACSystem",
      "display_name": "Total Cost for HVAC System",
      "units": "$",
      "description": null,
      "default_value": 0.0
    },
    {
      "local_variable": "remake_schedules",
      "variable_type": "Bool",
      "name": "remake_schedules",
      "display_name": "Apply recommended availability and ventilation schedules for air handlers",
      "units": null,
      "description": null,
      "default_value": true
    }
  ],
  "name_xml": "AEDG K12 HVAC Dual Duct DOAS",
  "uid": "e45f7185-15c2-40da-be15-2e8406f96dba",
  "version_id": "58fbe56e-e002-409c-858e-e555434156d8",
  "modeler_description": "Airloops are dedicated to central cooling and have variable speed fan operation and hot and chilled water coils.  The DOAS is approximated using a four pipe fan coil at the zone level.  Heating is provided at the zone level with hot water baseboard heaters.  Chiller for DOAS and cooling duct paths is air-cooled.  Packaged single zone systems have constant speed fan operation, gas furnace heating, and single speed DX cooling.",
  "description": "Measure replaces existing HVAC system (if any) with a Dual Duct with DOAS HVAC system (one system per floor).  The dual duct system (separate variable speed air delivery paths for cooling and DOAS, with zone level heating) is applied to all space types except Cafeteria, Kitchen, Gym, and Auditorium; packaged single zone equipment is applied to those zones.  In select cases, the user is given the option to preserve existing HVAC schedules.  In other cases, new schedules are generated that align with AEDG recommendations.  The resulting HVAC system reflects the HVAC recommendations of the 50% K-12 AEDG.",
  "tags": [
    "HVAC.Whole System"
  ]
}