<measure>
  <name>AEDG K12 HVAC Dual Duct DOAS</name>
  <uid>e45f7185-15c2-40da-be15-2e8406f96dba</uid>
  <version_id>58fbe56e-e002-409c-858e-e555434156d8</version_id>
  <description>Measure replaces existing HVAC system (if any) with a Dual Duct with DOAS HVAC system (one system per floor).  The dual duct system (separate variable speed air delivery paths for cooling and DOAS, with zone level heating) is applied to all space types except Cafeteria, Kitchen, Gym, and Auditorium; packaged single zone equipment is applied to those zones.  In select cases, the user is given the option to preserve existing HVAC schedules.  In other cases, new schedules are generated that align with AEDG recommendations.  The resulting HVAC system reflects the HVAC recommendations of the 50% K-12 AEDG.</description>
  <modeler_description>Airloops are dedicated to central cooling and have variable speed fan operation and hot and chilled water coils.  The DOAS is approximated using a four pipe fan coil at the zone level.  Heating is provided at the zone level with hot water baseboard heaters.  Chiller for DOAS and cooling duct paths is air-cooled.  Packaged single zone systems have constant speed fan operation, gas furnace heating, and single speed DX cooling.</modeler_description>
  <provenances/>
  <tags>
    <tag>HVAC.Whole System</tag>
  </tags>
  <attributes>
    <attribute>
      <name>Measure Type</name>
      <value>ModelMeasure</value>
      <datatype>string</datatype>
    </attribute>
    <attribute>
      <name>Uses SketchUp API</name>
      <value>false</value>
      <datatype>boolean</datatype>
    </attribute>
  </attributes>
  <files>
    <file>
      <filename>OsLib_AedgMeasures.rb</filename>
      <filetype>rb</filetype>
      <usage_type>resource</usage_type>
      <checksum>400D07BE</checksum>
    </file>
    <file>
      <filename>OsLib_Constructions.rb</filename>
      <filetype>rb</filetype>
      <usage_type>resource</usage_type>
      <checksum>1DBDBCB3</checksum>
    </file>
    <file>
      <filename>OsLib_LightingAndEquipment.rb</filename>
      <filetype>rb</filetype>
      <usage_type>resource</usage_type>
      <checksum>E76DE29C</checksum>
    </file>
    <file>
      <filename>OsLib_Geometry.rb</filename>
      <filetype>rb</filetype>
      <usage_type>resource</usage_type>
      <checksum>730B5D71</checksum>
    </file>
    <file>
      <filename>OsLib_Schedules.rb</filename>
      <filetype>rb</filetype>
      <usage_type>resource</usage_type>
      <checksum>C53CDDCD</checksum>
    </file>
    <file>
      <filename>AEDG_HVAC_GenericTestModel_0225_a.osm</filename>
      <filetype>osm</filetype>
      <usage_type>test</usage_type>
      <checksum>264312A4</checksum>
    </file>
    <file>
      <filename>OsLib_HVAC.rb</filename>
      <filetype>rb</filetype>
      <usage_type>resource</usage_type>
      <checksum>DD15D25B</checksum>
    </file>
    <file>
      <filename>OsLib_HelperMethods.rb</filename>
      <filetype>rb</filetype>
      <usage_type>resource</usage_type>
      <checksum>15A9730B</checksum>
    </file>
    <file>
      <version>
        <software_program>OpenStudio</software_program>
        <identifier>1.3.0</identifier>
      </version>
      <filename>measure.rb</filename>
      <filetype>rb</filetype>
      <usage_type>script</usage_type>
      <checksum>61797204</checksum>
    </file>
    <file>
      <filename>AedgK12HvacDualDuctDoas_Test.rb</filename>
      <filetype>rb</filetype>
      <usage_type>test</usage_type>
      <checksum>9AF730B9</checksum>
    </file>
  </files>
</measure>
