{
  "classname": "ChangeBuildingLocation",
  "name": "change_building_location",
  "display_name": "Change Building Location",
  "measure_type": "RubyMeasure",
  "arguments": [
    {
      "local_variable": "arg",
      "variable_type": "String",
      "name": "weather_directory",
      "display_name": "Weather Directory",
      "units": null,
      "description": null
    },
    {
      "local_variable": "arg2",
      "variable_type": "String",
      "name": "weather_file_name",
      "display_name": "Weather File Name",
      "units": null,
      "description": null
    }
  ],
  "name_xml": "Change Building Location",
  "uid": "d4db4971-f5ba-11e3-a3ac-0800200c9a66",
  "version_id": "74b18b7a-0476-45da-8e8a-0304e83c0208",
  "modeler_description": "Change the building location",
  "description": "Change the building location",
  "tags": [
    "Whole Building.Space Types"
  ]
}