<measure>
  <schema_version>3.0</schema_version>
  <name>assign_thermostats_basedon_standards_building_typeand_standards_space_type</name>
  <uid>b46cc68b-bf5b-474f-a11f-32137864b513</uid>
  <version_id>86db2e4a-a3c8-494b-bc79-af48cdf1c325</version_id>
  <xml_checksum>2C877DEB</xml_checksum>
  <class_name>AssignThermostatsBasedonStandardsBuildingTypeandStandardsSpaceType</class_name>
  <display_name>AssignThermostatsBasedonStandardsBuildingTypeandStandardsSpaceType</display_name>
  <description>This will loop through zones, and when all spaces in the zone share the same space type, will look for a properly named thermostat to assign.</description>
  <modeler_description>The wizard we are working on writes out thermostats and setpoint schedules along with space types. This measures attempts to re-wire them together later on after thermal zones have been assigned, as we can't directly assign thermostats to space types.</modeler_description>
  <arguments/>
  <provenances/>
  <tags>
    <tag>HVAC.HVAC Controls</tag>
  </tags>
  <attributes>
    <attribute>
      <name>Measure Type</name>
      <value>ModelMeasure</value>
      <datatype>string</datatype>
    </attribute>
    <attribute>
      <name>Uses SketchUp API</name>
      <value>false</value>
      <datatype>boolean</datatype>
    </attribute>
  </attributes>
  <files>
    <file>
      <version>
        <software_program>OpenStudio</software_program>
        <identifier>1.3.2</identifier>
        <min_compatible>1.3.2</min_compatible>
      </version>
      <filename>measure.rb</filename>
      <filetype>rb</filetype>
      <usage_type>script</usage_type>
      <checksum>733997E4</checksum>
    </file>
    <file>
      <filename>OsLib_HelperMethods.rb</filename>
      <filetype>rb</filetype>
      <usage_type>resource</usage_type>
      <checksum>709EA7D2</checksum>
    </file>
    <file>
      <filename>AssignThermostatsBasedonStandardsBuildingTypeandStandardsSpaceType_Test.rb</filename>
      <filetype>rb</filetype>
      <usage_type>test</usage_type>
      <checksum>010F156D</checksum>
    </file>
    <file>
      <filename>RetailTest.osm</filename>
      <filetype>osm</filetype>
      <usage_type>test</usage_type>
      <checksum>2A5443C2</checksum>
    </file>
  </files>
</measure>
