{
  "classname": "AssignThermostatsBasedonStandardsBuildingTypeandStandardsSpaceType",
  "name": "assign_thermostats_basedon_standards_building_typeand_standards_space_type",
  "display_name": "Assign Thermostats Basedon Standards Building Typeand Standards Space Type",
  "measure_type": "RubyMeasure",
  "arguments": [

  ],
  "name_xml": "assign_thermostats_basedon_standards_building_typeand_standards_space_type",
  "uid": "b46cc68b-bf5b-474f-a11f-32137864b513",
  "version_id": "86db2e4a-a3c8-494b-bc79-af48cdf1c325",
  "modeler_description": "The wizard we are working on writes out thermostats and setpoint schedules along with space types. This measures attempts to re-wire them together later on after thermal zones have been assigned, as we can't directly assign thermostats to space types.",
  "description": "This will loop through zones, and when all spaces in the zone share the same space type, will look for a properly named thermostat to assign.",
  "tags": [
    "HVAC.HVAC Controls"
  ]
}