<measure>
  <schema_version>3.0</schema_version>
  <name>change_building_location</name>
  <uid>d4db4971-f5ba-11e3-a3ac-0800200c9a66</uid>
  <version_id>12981f37-4e76-4993-a9cd-bfc97156c294</version_id>
  <xml_checksum>057E8D9D</xml_checksum>
  <class_name>ChangeBuildingLocation</class_name>
  <display_name>ChangeBuildingLocation</display_name>
  <description>Change the building location</description>
  <modeler_description>Change the building location</modeler_description>
  <arguments>
    <argument>
      <name>weather_directory</name>
      <display_name>Weather Directory</display_name>
      <type>String</type>
      <required>true</required>
      <model_dependent>false</model_dependent>
    </argument>
    <argument>
      <name>weather_file_name</name>
      <display_name>Weather File Name</display_name>
      <type>String</type>
      <required>true</required>
      <model_dependent>false</model_dependent>
    </argument>
  </arguments>
  <provenances/>
  <tags>
    <tag>Whole Building.Space Types</tag>
  </tags>
  <attributes>
    <attribute>
      <name>Measure Type</name>
      <value>ModelMeasure</value>
      <datatype>string</datatype>
    </attribute>
    <attribute>
      <name>Uses SketchUp API</name>
      <value>false</value>
      <datatype>boolean</datatype>
    </attribute>
  </attributes>
  <files>
    <file>
      <filename>stat_file.rb</filename>
      <filetype>rb</filetype>
      <usage_type>resource</usage_type>
      <checksum>3E703EA9</checksum>
    </file>
    <file>
      <filename>another_weather_file.ddy</filename>
      <filetype>ddy</filetype>
      <usage_type>test</usage_type>
      <checksum>D6178C51</checksum>
    </file>
    <file>
      <filename>another_weather_file.epw</filename>
      <filetype>epw</filetype>
      <usage_type>test</usage_type>
      <checksum>D3B7E25B</checksum>
    </file>
    <file>
      <filename>another_weather_file.stat</filename>
      <filetype>stat</filetype>
      <usage_type>test</usage_type>
      <checksum>E8C83421</checksum>
    </file>
    <file>
      <filename>test.osm</filename>
      <filetype>osm</filetype>
      <usage_type>test</usage_type>
      <checksum>0B8479BC</checksum>
    </file>
    <file>
      <filename>USA_MA_Boston-Logan.Intl.AP.725090_TMY3.ddy</filename>
      <filetype>ddy</filetype>
      <usage_type>test</usage_type>
      <checksum>E4CBEAF0</checksum>
    </file>
    <file>
      <filename>USA_MA_Boston-Logan.Intl.AP.725090_TMY3.epw</filename>
      <filetype>epw</filetype>
      <usage_type>test</usage_type>
      <checksum>B65824C3</checksum>
    </file>
    <file>
      <filename>USA_MA_Boston-Logan.Intl.AP.725090_TMY3.stat</filename>
      <filetype>stat</filetype>
      <usage_type>test</usage_type>
      <checksum>8657DDB9</checksum>
    </file>
    <file>
      <filename>change_building_location_test.rb</filename>
      <filetype>rb</filetype>
      <usage_type>test</usage_type>
      <checksum>33E54A43</checksum>
    </file>
    <file>
      <version>
        <software_program>OpenStudio</software_program>
        <identifier>1.3.4</identifier>
        <min_compatible>1.3.4</min_compatible>
      </version>
      <filename>measure.rb</filename>
      <filetype>rb</filetype>
      <usage_type>script</usage_type>
      <checksum>2C832189</checksum>
    </file>
  </files>
</measure>
